Workbook

Sheet Details
A1: BEGA Illuminazione s.r.l
A3: costi di viaggio / Reisekosten | E3: Antonio Affusto
B4: n° | C4: data / Datum | D4: descrizione / Beschreibung | E4: cliente/visitatore / Kunde/Besucher | F4: importo / Betrag | G4: totale / Summe
A5: importo forfait trasferta / Diäten | G5: =IF(SUM(F5:F7)=0,"",SUM(F5:F7))
A7: costi pernottamento / Übernachtungskosten | G7: =IF(SUM(F7:F10)=0,"",SUM(F7:F10)) -> 53.03
B8: 03 | C8: 46035 | D8: city tax | E8: Trasferta Innsbruck | F8: 1.5
B9: 04 | C9: 46030 | D9: hotel | E9: Trasferta Innsbruck | F9: 51.53
A10: costi autoveicoli / KFZ-Kosten | G10: =IF(SUM(F10:F17)=0,"",SUM(F10:F17)) -> 56
B11: 1 | C11: 46034 | D11: Lavaggio Auto | F11: 15
B12: 05 | C12: 46036 | D12: autostrada | E12: Trasferta Innsbruck | F12: 12.5
B13: 06 | C13: 46037 | D13: autostrada | E13: Trasferta Innsbruck | F13: 12.5
B14: 07 | C14: 46049 | D14: parcheggio | E14: Next Studio | F14: 1
B15: 08 | C15: 46049 | D15: parcheggio | E15: palmieri | F15: 6
B16: 09 | C16: 46052 | D16: parcheggio | E16: Sanzone/Palmieri | F16: 9
A17: costi altri mezzi di trasporto / Kosten anderer Verkehrsmittel | G17: =IF(SUM(F17:F23)=0,"",SUM(F17:F23))
A23: vitto per affari / Geschäftsbewirtungen | G23: =IF(SUM(F23:F29)=0,"",SUM(F23:F29)) -> 8.7
B24: 02 | C24: 46035 | D24: bar | E24: Trasferta Innsbruck | F24: 1.5
B25: 10 | C25: 30/01/20260 | D25: bar | E25: Sanzone | F25: 7.2
A29: vitto proprio / Eigenbewirtungen | G29: =IF(SUM(F29:F31)=0,"",SUM(F29:F31))
A31: costi per telefono/internet / Telefon-/Internetkosten | G31: =IF(SUM(F31:F33)=0,"",SUM(F31:F33))
A33: materiale per ufficio / Büromaterial | G33: =IF(SUM(F33:F36)=0,"",SUM(F33:F36))
A36: altro / Sonstiges | G36: =IF(SUM(F36:F38)=0,"",SUM(F36:F38))
A39: totale / Summe | F39: =SUM(F5:F38) -> 117.73 | G39: =SUM(G5,G7,G10,G17,G23,G29,G31,G33,G36) -> 117.73

Sheet Übersicht
A1: BEGA Illuminazione s.r.l.
A2: Corso Buenos Aires 64/a, Milano
A8: lista di costi di viaggio / Übersicht Reisekosten
A10: =Details!E3 -> Antonio Affusto
A12: =Details!G3 -> 0
C16: importo
B17: importo forfait trasferta / Diäten | C17: =IF(VLOOKUP(B17,Details!A:G,7,FALSE)="",0,VLOOKUP(B17,Details!A:G,7,FALSE)) -> 0
B18: costi pernottamento / Übernachtungskosten | C18: =IF(VLOOKUP(B18,Details!A:G,7,FALSE)="",0,VLOOKUP(B18,Details!A:G,7,FALSE)) -> 53.03
B19: costi autoveicoli / KFZ-Kosten | C19: =IF(VLOOKUP(B19,Details!A:G,7,FALSE)="",0,VLOOKUP(B19,Details!A:G,7,FALSE)) -> 56
B20: costi altri mezzi di trasporto / Kosten anderer Verkehrsmittel | C20: =IF(VLOOKUP(B20,Details!A:G,7,FALSE)="",0,VLOOKUP(B20,Details!A:G,7,FALSE)) -> 0
B21: vitto per affari / Geschäftsbewirtungen | C21: =IF(VLOOKUP(B21,Details!A:G,7,FALSE)="",0,VLOOKUP(B21,Details!A:G,7,FALSE)) -> 8.7
B22: vitto proprio / Eigenbewirtungen | C22: =IF(VLOOKUP(B22,Details!A:G,7,FALSE)="",0,VLOOKUP(B22,Details!A:G,7,FALSE)) -> 0
B23: costi per telefono/internet / Telefon-/Internetkosten | C23: =IF(VLOOKUP(B23,Details!A:G,7,FALSE)="",0,VLOOKUP(B23,Details!A:G,7,FALSE)) -> 0
B24: materiale per ufficio / Büromaterial | C24: =IF(VLOOKUP(B24,Details!A:G,7,FALSE)="",0,VLOOKUP(B24,Details!A:G,7,FALSE)) -> 0
B25: altro / Sonstiges | C25: =IF(VLOOKUP(B25,Details!A:G,7,FALSE)="",0,VLOOKUP(B25,Details!A:G,7,FALSE)) -> 0
B26: totale / Summe | C26: =VLOOKUP(B26,Details!A:G,6,FALSE) -> 117.73
